Id;Name;MakeId;OriginalId
80000982;Bus: Front engine, Flat front;80;982
80000983;Bus: Rear engine, Flat front;80;983
80000988;Other (bus);80;988
80000989;Unknown (bus);80;989
80000998;Other (vehicle);80;998
80000999;Unknown (BROCKWAY);80;999
81000850;Motor Home;81;850
81000881;Medium/Heavy - CBE;81;881
81000882;Medium/Heavy – COE low entry;81;882
81000883;Medium/Heavy – COE high entry;81;883
81000884;Medium/Heavy – Unknown engine location;81;884
81000890;Medium/Heavy – COE entry position unknown;81;890
81000898;Other (medium/heavy truck);81;898
81000981;Bus**: Conventional (Engine out front);81;981
81000982;Bus: Front engine, Flat front;81;982
81000983;Bus: Rear engine, Flat front;81;983
81000988;Other (bus);81;988
81000989;Unknown (bus);81;989
81000998;Other (vehicle);81;998
81000999;Unknown (DIAMOND REO or REO);81;999
82000461;Sprinter/Advantage;82;461
98000301;Think;98;301
98000302;Meyers Motor;98;302
98000398;Other (automobile);98;398
98000498;Other (light truck);98;498
98000598;Other (LSV/NEV);98;598
98000701;0-50cc;98;701
98000702;51-124cc;98;702
98000703;125-349cc;98;703
98000704;350-449cc;98;704
98000705;450-749cc;98;705
98000706;750cc or greater;98;706
98000707;Electric Motorcycle;98;707
98000709;Unknown cc;98;709
98000731;0-50cc (ATV);98;731
98000732;51-124cc (ATV);98;732
98000733;125-349cc (ATV);98;733
98000734;350cc or greater (ATV);98;734
98000739;Unknown cc (ATV);98;739
98000802;Auto-Union-DKW;98;802
98000803;Divco;98;803
98000804;Western Star;98;804
98000805;Oshkosh;98;805
98000806;Hino;98;806
98000807;Scania;98;807
98000808;UD;98;808
98000809;Sterling;98;809
98000850;Motor Home;98;850
98000870;Medium/Heavy Van-Based Vehicle;98;870
98000881;Medium/Heavy – CBE;98;881
98000882;Medium/Heavy – COE low entry;98;882
98000883;Medium/Heavy – COE high entry;98;883
98000884;Medium/Heavy – Unknown engine location;98;884
98000890;Medium/Heavy – COE entry position unknown;98;890
98000898;Other (medium/heavy truck)**;98;898
98000902;Neoplan;98;902
98000903;Carpenter;98;903
98000904;Collins Bus;98;904
98000905;DINA;98;905
98000906;Mid Bus;98;906
98000907;Orion;98;907
98000908;Van Hool;98;908
98000981;Bus***: Conventional (Engine out front);98;981
98000982;Bus: Front engine, Flat front;98;982
98000983;Bus: Rear engine, Flat front;98;983
98000988;Other (bus);98;988
98000998;Other (vehicle);98;998
98000999;Unknown (OTHER MAKE);98;999
99000399;Unknown (automobile);99;399
99000499;Unknown (light truck);99;499
99000598;Unknown (LSG/NGV);99;598
99000599;Unknown (LSV/NGV);99;599
99000701;0-50cc;99;701
99000702;51-124cc;99;702
99000703;125-349cc;99;703
99000704;350-449cc;99;704
99000705;450-749cc;99;705
99000706;750cc or greater;99;706
99000707;Electric Motorcycle;99;707
99000709;Unknown cc;99;709
99000731;0-50cc (ATV);99;731
99000732;51-124cc (ATV);99;732
99000733;125-349cc (ATV);99;733
99000734;350cc or greater (ATV);99;734
99000739;Unknown cc (ATV);99;739
99000850;Motor Home;99;850
99000870;Medium Heavy Van-Based Vehicle;99;870
99000881;Medium/Heavy – CBE;99;881
99000882;Medium/Heavy - COE low entry;99;882
99000883;Medium/Heavy - COE high entry;99;883
99000884;Medium/Heavy - Unknown engine location;99;884
99000890;Medium/Heavy – COE entry position unknown;99;890
99000898;Other (medium/heavy truck);99;898
99000981;Bus**: Conventional (Engine out front);99;981
99000982;Bus: Front engine. Flat front;99;982
99000983;Bus: Rear engine, Flat front;99;983
99000988;Other (bus);99;988
99000989;Unknown (bus);99;989
99000998;Other (vehicle);99;998
99000999;Unknown (as to automobile, motored cycle, light truck or truck);99;999
82000462;MT 35 Chassis;82;462
82000498;Other (light truck);82;498
82000499;Unknown (light truck);82;499
82000850;Motor Home;82;850
82000870;Medium Heavy Van-Based Vehicle;82;870
82000881;Medium/Heavy - CBE;82;881
82000882;Medium/Heavy – COE low entry;82;882
82000883;Medium/Heavy – COE high entry;82;883
82000884;Medium/Heavy – Unknown engine location;82;884
82000890;Medium/Heavy – COE entry position unknown;82;890
82000898;Other (medium/heavy truck);82;898
82000981;Bus**: Conventional (Engine out front);82;981
82000982;Bus: Front engine, Flat front;82;982
82000983;Bus: Rear engine, Flat front;82;983
82000988;Other (bus);82;988
82000989;Unknown (bus);82;989
82000998;Other (vehicle);82;998
82000999;Unknown (FREIGHTLINER);82;999
83000850;Motor Home;83;850
83000881;Medium/Heavy – CBE;83;881
83000882;Medium/Heavy – COE low entry;83;882
83000883;Medium/Heavy – COE high entry;83;883
83000884;Medium/Heavy – Unknown engine location;83;884
83000890;Medium/Heavy – COE entry position unknown;83;890
83000898;Other (medium/heavy truck);83;898
83000981;Bus**: Conventional (Engine out front);83;981
83000982;Bus: Front engine, Flat front;83;982
83000983;Bus: Rear engine, Flat front;83;983
83000988;Other (bus);83;988
83000989;Unknown (bus);83;989
83000998;Other (vehicle);83;998
83000999;Unknown (FWD);83;999
84000421;Scout;84;421
84000431;Travelall;84;431
84000466;Multistop Van;84;466
84000481;Pickup;84;481
84000498;Other light truck;84;498
84000499;Unknown light truck;84;499
84000850;Motorhome;84;850
84000881;Medium/Heavy - CBE;84;881
84000882;Medium/Heavy – COE low entry;84;882
84000883;Medium/Heavy – COE high entry;84;883
84000884;Medium/Heavy – Unknown engine location;84;884
84000890;Medium/Heavy – COE entry position unknown;84;890
84000898;Other (medium/heavy truck);84;898
84000981;Bus**: Conventional (Engine out front);84;981
84000982;Bus: Front engine, Flat front;84;982
84000983;Bus**: Rear engine, Flat front;84;983
84000988;Other (bus);84;988
84000989;Unknown (bus);84;989
84000998;Other (vehicle);84;998
84000999;Unknown (INTL. HARVESTER/ NAVISTAR);84;999
85000850;Motor Home;85;850
85000881;Medium/Heavy - CBE;85;881
85000882;Medium/Heavy – COE low entry;85;882
85000883;Medium/Heavy – COE high entry;85;883
85000884;Medium/Heavy – Unknown engine location;85;884
85000890;Medium/Heavy – COE entry position unknown;85;890
85000898;Other (medium/heavy truck);85;898
85000981;Bus**: Conventional (Engine out front);85;981
85000982;Bus: Front engine, Flat front;85;982
85000983;Bus: Rear engine, Flat front;85;983
85000988;Other (bus);85;988
85000989;Unknown (bus);85;989
85000998;Other (vehicle);85;998
85000999;Unknown (KENWORTH);85;999
86000850;Motor Home;86;850
86000881;Medium/Heavy - CBE;86;881
86000882;Medium/Heavy – COE low entry;86;882
86000883;Medium/Heavy – COE high entry;86;883
86000884;Medium/Heavy – Unknown engine location;86;884
86000890;Medium/Heavy – COE entry position unknown;86;890
86000898;Other (medium/heavy truck);86;898
86000981;Bus**: Conventional (Engine out front);86;981
86000982;Bus: Front engine, Flat front;86;982
86000983;Bus: Rear engine, Flat front;86;983
86000988;Other (bus);86;988
86000989;Unknown (bus);86;989
86000998;Other (vehicle);86;998
86000999;Unknown (MACK);86;999
87000850;Motor Home;87;850
87000881;Medium/Heavy - CBE;87;881
87000882;Medium/Heavy – COE low entry;87;882
87000883;Medium/Heavy – COE high entry;87;883
87000884;Medium/Heavy – Unknown engine location;87;884
87000890;Medium/Heavy – COE entry position unknown;87;890
87000898;Other (medium/heavy truck);87;898
87000981;Bus**: Conventional (Engine out front);87;981
87000982;Bus: Front engine, Flat front;87;982
87000983;Bus: Rear engine, Flat front;87;983
87000988;Other (bus);87;988
87000989;Unknown (bus);87;989
87000998;Other (vehicle);87;998
87000999;Unknown (PETERBILT);87;999
88000850;Motor Home;88;850
88000881;Medium/Heavy - CBE;88;881
88000882;Medium/Heavy – COE low entry;88;882
88000883;Medium/Heavy – COE high entry;88;883
88000884;Medium/Heavy – Unknown engine location;88;884
88000890;Medium/Heavy – COE entry position unknown;88;890
55000042;Veloster;55;42
55000043;Genesis (G80);55;43
55000044;Genesis (G90);55;44
55000045;Ioniq;55;45
55000046;Genesis (G70);55;46
55000398;Other (automobile);55;398
55000399;Unknown (automobile);55;399
55000401;Santa Fe;55;401
55000402;Tucson;55;402
55000403;Veracruz (2007 only);55;403
55000404;Kona;55;404
55000405;Nexo;55;405
55000406;Venue;55;406
55000421;"Veracruz  (2008 on; see 403 for 2007 only)";55;421
55000422;Palisade;55;422
55000441;Entourage;55;441
55000498;Other (light truck);55;498
55000499;Unknown (light truck);55;499
55000999;Unknown (HYUNDAI);55;999
56000031;XR4Ti;56;31
56000032;Scorpio;56;32
56000398;Other (automobile);56;398
56000399;Unknown (automobile);56;399
57000031;GV/GVL/GVX;57;31
58000031;M30;58;31
58000032;Q45;58;32
58000033;G20;58;33
58000034;J30;58;34
58000035;I30;58;35
58000036;I35;58;36
58000037;G25/G35/G37;58;37
58000038;M35/M37/M45/M56;58;38
58000039;FX35/FX37/FX45/FX50;58;39
58000040;EX35/EX37;58;40
58000041;Q50;58;41
58000042;Q60;58;42
58000043;Q70;58;43
58000044;QX50;58;44
58000045;Q40;58;45
58000047;QX30;58;47
58000398;Other (automobile);58;398
58000399;Unknown (automobile);58;399
58000401;QX4;58;401
58000402;JX35;58;402
58000403;QX60;58;403
58000404;QX70;58;404
58000421;QX56;58;421
58000422;QX80;58;422
88000898;Other (medium/heavy truck);88;898
88000981;Bus**: Conventional (Engine out front);88;981
88000982;Bus: Front engine, Flat front;88;982
88000983;Bus: Rear engine,Flat front;88;983
88000988;Other (bus);88;988
88000989;Unknown (bus);88;989
88000998;Other (vehicle);88;998
88000999;Unknown (IVECO/MAGIRUS);88;999
89000850;Motor Home;89;850
89000881;Medium/Heavy - CBE;89;881
89000882;Medium/Heavy – COE low entry;89;882
89000883;Medium/Heavy – COE high entry;89;883
89000884;Medium/Heavy – Unknown engine location;89;884
89000890;Medium/Heavy – COE entry position unknown;89;890
89000898;Other (medium/heavy truck);89;898
89000981;Bus**: Conventional (Engine out front);89;981
89000982;Bus: Front engine, Flat front;89;982
89000983;Bus: Rear engine, Flat front;89;983
89000988;Other (bus);89;988
89000989;Unknown (bus);89;989
89000998;Other (vehicle);89;998
89000999;Unknown (WHITE/AUTOCAR-WHITE/GMC);89;999
90000461;Van Based;90;461
90000981;Bus**: Conventional (Engine out front);90;981
90000982;Bus: Front engine, Flat front;90;982
90000983;Bus: Rear engine, Flat front;90;983
90000988;Other (bus);90;988
90000989;Unknown (Bus);90;989
90000999;Unknown (BLUEBIRD);90;999
91000981;Bus**: Conventional (Engine out front);91;981
91000982;Bus: Front engine, Flat front;91;982
91000983;Bus: Rear engine, Flat front;91;983
91000988;Other (bus);91;988
91000989;Unknown (Bus);91;989
92000981;Bus**: Conventional (Engine out front);92;981
92000982;Bus: Front engine, Flat front;92;982
92000983;Bus: Rear engine, Flat front;92;983
92000988;Other (bus);92;988
92000989;Unknown (bus);92;989
93000981;Bus**: Conventional (Engine out front);93;981
93000982;Bus: Front engine, Flat front;93;982
93000983;Bus: Rear engine, Flat front;93;983
93000988;Other (bus);93;988
93000989;Unknown (bus);93;989
94000461;Van Based;94;461
94000981;Bus**: Conventional (Engine out front);94;981
94000982;Bus: Front engine, Flat front;94;982
94000983;Bus: Rear engine, Flat front;94;983
94000988;Other (bus);94;988
94000989;Unknown (bus);94;989
94000999;Unknown(THOMAS BUILT);94;999
97000997;Not Reported;97;997
58000498;Other (light truck);58;498
58000499;Unknown (Light Truck);58;499
58000999;Unknown (INFINITI);58;999
59000031;ES-250/300/300h/330/ 350;59;31
59000032;LS-400/430/460/460L/600h/600hL;59;32
59000033;SC-400/SC-300;59;33
59000034;GS-300/350/400/430/ 450h/460;59;34
59000035;IS-250/300/350/500/200t;59;35
59000036;SC-430;59;36
59000037;HS 250h;59;37
59000038;CT 200h;59;38
59000039;LFA;59;39
59000040;RC;59;40
59000042;LC Series;59;42
59000043;UX;59;43
59000398;Other (automobile);59;398
59000399;Unknown (automobile);59;399
59000401;RX300/350;59;401
59000402;GX470;59;402
59000403;RX330/350/400h/450h;59;403
59000404;GX460;59;404
59000405;NX;59;405
59000421;LX450/470/570;59;421
59000498;Other (light truck);59;498
59000499;Unknown (light truck);59;499
59000999;Unknown (LEXUS);59;999
60000031;Charade;60;31
60000401;Rocky;60;401
60000999;Unknown (DAIHATSU);60;999
61000031;827;61;31
61000398;Other (automobile);61;398
61000399;Unknown (automobile);61;399
62000401;Discovery (For 2017 on, see model 425);62;401
62000402;Defender;62;402
62000403;"Freelander (2004 on; see 422 for 2002-03.)";62;403
62000404;Range Rover Evoque;62;404
62000405;Discovery Sport;62;405
62000421;Range Rover;62;421
62000422;"Freelander (2002-03 only; see 403 for 2004 on)";62;422
62000423;LR3/LR4;62;423
62000424;LR2;62;424
62000425;Discovery (For model years 1994-2004, see model 401);62;425
62000426;Velar;62;426
62000427;Defender;62;427
62000498;Other (light truck);62;498
62000499;Unknown (light truck);62;499
63000031;Sephia;63;31
63000032;Rio/Rio5;63;32
63000033;Spectra/Spectra5;63;33
63000034;Optima;63;34
63000035;Amanti;63;35
63000036;Rondo;63;36
63000037;Soul;63;37
63000038;Forte;63;38
63000039;Cadenza;63;39
63000040;K900;63;40
63000041;Stinger;63;41
63000398;Other (automobile);63;398
63000399;Unknown (automobile);63;399
63000401;Sportage;63;401
63000402;Sorento;63;402
63000403;Niro;63;403
63000421;Borrego;63;421
63000422;Telluride;63;422
63000441;Sedona;63;441
63000498;Other (Light Truck);63;498
63000499;Unknown (light truck);63;499
63000999;Unknown (KIA);63;999
64000031;Lanos;64;31
64000032;Nubira;64;32
64000033;Leganza;64;33
64000398;Other (automobile);64;398
64000399;Unknown (automobile);64;399
65000031;Fortwo;65;31
65000398;Other (automobile);65;398
65000399;Unknown (automobile);65;399
67000031;xB (2012 on.  See Toyota for 2004-2011);67;31
67000032;tC (2012 on.  See Toyota for 2005-2011);67;32
67000033;xD (2012 on.  See Toyota for 2007-2011);67;33
67000034;iQ (2012 on.  See Toyota for 2010-2011);67;34
67000035;FR-S;67;35
67000036;iA;67;36
67000037;iM;67;37
67000398;Other (automobile);67;398
67000399;Unknown (automobile);67;399
69000031;Aston Martin;69;31
69000032;Bricklin;69;32
69000033;Citroen;69;33
69000034;DeLorean;69;34
69000035;Ferrari;69;35
69000036;Hillman;69;36
69000037;Jensen;69;37
69000038;Lamborghini;69;38
69000039;Lotus;69;39
69000040;Maserati;69;40
69000041;Morris;69;41
69000042;Rolls Royce/Bentley;69;42
69000044;Simca;69;44
69000045;Sunbeam;69;45
69000046;TVR;69;46
48000046;BRZ;48;46
48000047;"WRX (2015 on; see 038 for prior to 2015.)";48;47
48000398;Other (automobile);48;398
48000399;Unknown (automobile);48;399
48000401;Forester;48;401
48000402;B9 Tribeca;48;402
48000403;XV Crosstrek;48;403
48000421;Ascent;48;421
48000498;Other (light truck);48;498
48000499;Unknown (light truck);48;499
48000999;Unknown (SUBARU);48;999
49000031;Corona;49;31
49000032;Corolla;49;32
49000033;Celica;49;33
49000034;Supra;49;34
49000035;Cressida;49;35
49000036;Crown;49;36
69000048;Desta;69;48
69000049;Reliant;69;49
69000052;Bertone;69;52
69000053;Lada;69;53
69000054;Mini-Cooper;69;54
69000055;"Morgan (2003 on; Prior to 2003 see 398)";69;55
69000056;Maybach;69;56
69000057;Spyker;69;57
69000058;Koenigsegg;69;58
69000061;Mahindra;69;61
69000062;Caterham;69;62
69000063;McLaren;69;63
69000064;Bugatti;69;64
69000398;Other (automobile);69;398
69000399;Unknown (automobile);69;399
70000701;0-50cc;70;701
70000702;51-124cc;70;702
70000703;125-349cc;70;703
70000704;350-449cc;70;704
70000705;450-749cc;70;705
70000706;750cc or greater;70;706
70000709;Unknown cc;70;709
71000701;0-50cc;71;701
71000702;51-124cc;71;702
71000703;125-349cc;71;703
71000704;350-449cc;71;704
71000705;450-749cc;71;705
71000706;750cc or greater;71;706
71000709;Unknown cc;71;709
72000701;0-50cc;72;701
72000702;51-124cc;72;702
72000703;125-349cc;72;703
72000704;350-449cc;72;704
72000705;450-749cc;72;705
72000706;750cc or greater;72;706
72000707;Electric Motorcycle;72;707
72000709;Unknown cc;72;709
73000701;0-50cc;73;701
73000702;51-124cc;73;702
73000703;125-349cc;73;703
73000704;350-449cc;73;704
73000705;450-749cc;73;705
73000706;750cc or greater;73;706
73000709;Unknown cc;73;709
73000731;0-50cc (ATV);73;731
73000732;51-124cc (ATV);73;732
73000733;125-349cc (ATV);73;733
73000734;350cc or greater (ATV);73;734
73000739;Unknown cc (ATV);73;739
73000998;Other (Vehicle);73;998
74000704;350-449cc;74;704
74000705;450-749cc;74;705
74000706;750cc or greater;74;706
74000709;Unknown cc;74;709
75000704;350-449cc;75;704
75000705;450-749cc;75;705
75000706;750cc or greater;75;706
75000709;Unknown cc;75;709
76000701;0-50cc;76;701
76000702;51-124cc;76;702
76000703;125-349cc;76;703
76000704;350-449cc;76;704
76000705;450-749cc;76;705
76000706;750cc or greater;76;706
76000709;Unknown cc;76;709
76000731;0-50cc (ATV);76;731
76000732;51-124cc (ATV);76;732
76000733;125-349cc (ATV);76;733
76000734;350cc or greater (ATV);76;734
76000739;Unknown cc (ATV);76;739
76000998;Other (Vehicle);76;998
77000706;750cc or greater;77;706
77000707;Electric Motorcycle;77;707
77000709;Unknown cc;77;709
77000998;Other (Vehicle);77;998
80000850;Motor Home;80;850
80000881;Medium/Heavy – CBE;80;881
80000882;Medium/Heavy - COE low entry;80;882
80000883;Medium/Heavy - COE high entry;80;883
80000884;Medium/Heavy – Unknown engine location;80;884
80000890;Medium/Heavy – COE entry position unknown;80;890
80000898;Other (medium/heavy truck);80;898
80000981;Bus**: Conventional (Engine out front);80;981
49000037;Carina;49;37
49000038;Tercel;49;38
49000039;Starlet;49;39
49000040;Camry;49;40
49000041;MR-2/MR Spyder;49;41
49000042;Paseo;49;42
49000043;Avalon;49;43
49000044;Solara;49;44
49000045;ECHO;49;45
49000046;Prius *;49;46
49000047;Matrix;49;47
49000048;Scion xA;49;48
49000049;Scion xB (2004-2011 only.  See Scion for 2012 on.);49;49
49000050;Scion tC (2005-2011 only.  See Scion for 2012 on.);49;50
49000051;Yaris;49;51
49000052;Scion xD (2007-2011 only.  See Scion for 2012 on.);49;52
49000053;Venza;49;53
49000054;Scion iQ (2010-2011 only.  See Scion for 2012 on.);49;54
49000055;Mirai;49;55
49000056;86;49;56
49000057;GR Supra;49;57
49000398;Other (automobile);49;398
49000399;Unknown (automobile);49;399
49000401;4-Runner;49;401
49000402;RAV4 *;49;402
49000403;Highlander;49;403
49000404;FJ Cruiser;49;404
49000405;C-HR;49;405
49000421;Land Cruiser;49;421
49000422;Sequoia;49;422
49000441;Minivan (1984-90)/ Previa (1991 on);49;441
49000442;Sienna;49;442
49000471;Pickup;49;471
49000472;Tacoma;49;472
49000481;T-100;49;481
49000482;Tundra;49;482
49000498;Other (light truck);49;498
49000499;Unknown (light truck);49;499
49000999;Unknown (TOYOTA);49;999
50000031;Spitfire;50;31
50000032;GT-6;50;32
50000033;TR4;50;33
50000034;TR6;50;34
50000035;TR7/TR8;50;35
50000036;Herald;50;36
50000037;Stag;50;37
50000398;Other (automobile);50;398
50000399;Unknown (automobile);50;399
50000701;0-50cc;50;701
50000702;51-124cc;50;702
50000703;125-349cc;50;703
50000704;350-449cc;50;704
50000705;450-749cc;50;705
50000706;750cc or greater;50;706
50000709;Unknown cc;50;709
50000799;Unknown (motored cycle);50;799
50000999;Unknown (TRIUMPH);50;999
51000031;122;51;31
51000032;140/142/144/145 *;51;32
51000033;164;51;33
51000034;240 series*/DL/GL/GLT;51;34
51000035;260 series/GLE;51;35
51000036;1800;51;36
51000037;PV544;51;37
51000038;760/780;51;38
51000039;740;51;39
51000040;940;51;40
51000041;960;51;41
51000042;850;51;42
51000043;70 Series (For XC70 for 2014 on, use model code 402);51;43
51000044;90 Series;51;44
51000045;80 Series;51;45
51000046;40 Series;51;46
51000047;60 Series;51;47
51000048;V50;51;48
51000049;C30;51;49
51000050;XC60 (For 2008-2018 only.  For model years 2019 on, see 51-404.);51;50
51000051;V60;51;51
51000052;V90;51;52
51000053;S90;51;53
51000398;Other (automobile);51;398
51000399;Unknown (automobile);51;399
51000401;XC90;51;401
51000402;XC70 (For 2014 on.  For prior to 2013, use model code 043);51;402
51000403;XC40;51;403
51000404;XC60 (For 2019 on.  For model years 2008-2018, see 51-050.);51;404
51000498;Other (light truck);51;498
51000499;Unknown (light truck);51;499
51000881;Medium/Heavy – CBE;51;881
51000882;Medium/Heavy - COE low entry;51;882
51000883;Medium/Heavy - COE high entry;51;883
51000884;Medium/Heavy – Unknown engine location;51;884
51000890;Medium/Heavy – COE entry position unknown;51;890
51000898;Other (medium/heavy truck);51;898
51000981;Bus**: Conventional (Engine out front);51;981
51000983;Bus : Rear engine, Flat front;51;983
51000988;Other (bus);51;988
51000989;Unknown (bus);51;989
51000998;Other (Vehicle);51;998
51000999;Unknown (VOLVO);51;999
38000031;I-Mark;38;31
38000032;Impulse;38;32
38000033;Stylus;38;33
52000031;Starion;52;31
52000032;Tredia;52;32
52000033;Cordia;52;33
52000034;Galant;52;34
52000035;Mirage (For 1985-2002.  For 2014 on use model 048.);52;35
52000036;Precis;52;36
52000037;Eclipse;52;37
52000038;Sigma;52;38
52000039;3000 GT;52;39
52000040;Diamante;52;40
52000041;iMiEV  (For 2018 on, code as vehicle model 398);52;41
52000045;Expo Wagon;52;45
52000046;Lancer/Lancer Sportback/ Lancer Evolution;52;46
52000047;Outlander (For 2003-2018 only.  For model years 2019 on, see 52-404.);52;47
52000048;Mirage (2014 on.  For 1985-2002 use 52-035.);52;48
52000398;Other (automobile);52;398
52000399;Unknown (automobile);52;399
52000401;Montero/Montero Sport;52;401
52000402;Endeavor;52;402
52000403;Eclipse Cross;52;403
52000404;Outlander (For 2019 on.  For model years 2003-2018, see 52-047.);52;404
52000441;Mini-Van;52;441
52000471;Pickup;52;471
52000472;Raider;52;472
52000498;Other (light truck);52;498
52000499;Unknown (light truck);52;499
52000882;Medium/Heavy – COE, low entry;52;882
52000898;Other (medium/heavy truck);52;898
52000981;Bus**: Conventional (Engine out front);52;981
52000982;Bus: Front engine, Flat Front;52;982
52000983;Bus: Rear engine, Flat front;52;983
52000988;Other (bus);52;988
52000989;Unknown (bus);52;989
52000999;Unknown (MITSUBISHI);52;999
53000031;Swift/SA310;53;31
53000032;Esteem;53;32
53000033;Aerio;53;33
53000034;Forenza;53;34
53000035;Verona;53;35
53000036;Reno;53;36
53000040;SX4/SX4 Crossover;53;40
53000041;Kizashi;53;41
53000398;Other (automobile);53;398
53000399;Unknown (automobile);53;399
53000401;Samurai;53;401
53000402;Sidekick/Vitara/ Vitara V6;53;402
53000403;X-90;53;403
53000404;"Grand Vitara (2003 on; see model 402 for models prior to 2003)";53;404
53000405;"XL-7 (2003 on; see 402 for 2002 model year)";53;405
53000481;Equator;53;481
53000498;Other (light truck);53;498
53000499;Unknown (light truck);53;499
53000701;0-50cc;53;701
53000702;51-124cc;53;702
53000703;125-349cc;53;703
53000704;350-449cc;53;704
53000705;450-749cc;53;705
53000706;750cc-over;53;706
53000709;Unknown cc;53;709
53000731;0-50cc (ATV);53;731
53000732;51-124cc (ATV);53;732
53000733;125-349cc (ATV);53;733
53000734;350cc or greater (ATV);53;734
53000739;Unknown cc (ATV);53;739
53000999;Unknown (SUZUKI);53;999
54000031;Integra;54;31
54000032;Legend;54;32
54000033;NSX (For 1991-2005 only.  For 2016 on see model 043.);54;33
54000034;Vigor;54;34
54000035;TL;54;35
54000036;RL/RLX;54;36
54000037;CL;54;37
54000038;RSX;54;38
54000039;TSX;54;39
54000040;ZDX;54;40
54000041;ILX;54;41
54000043;NSX (2016 on.  For 1991-2005 see model 033.);54;43
54000044;TLX;54;44
54000398;Other (automobile);54;398
54000399;Unknown (automobile);54;399
54000401;SLX;54;401
54000402;RDX;54;402
54000421;MDX;54;421
54000498;Other (light truck);54;498
54000499;Unknown (light truck);54;499
54000999;Unknown (ACURA);54;999
55000031;Pony;55;31
55000032;Excel;55;32
55000033;Sonata;55;33
55000034;Scoupe;55;34
55000035;Elantra;55;35
55000036;Accent;55;36
55000037;Tiburon;55;37
55000038;XG300(2001)/ XG350(2002 on);55;38
55000039;Azera  (For 2018 on, code as vehicle model 398);55;39
55000040;Equus;55;40
55000041;Genesis (For 2009-2016 only. For model years 2017 on, see 55-043, 55-044 and 55-046);55;41
38000398;Other (automobile);38;398
38000399;Unknown (automobile);38;399
38000401;Trooper/Trooper II;38;401
38000402;Rodeo/ Rodeo Sport;38;402
38000403;Amigo;38;403
38000404;VehiCROSS;38;404
38000405;Axiom;38;405
38000421;Ascender;38;421
38000441;Oasis;38;441
38000471;P'up (pickup);38;471
38000472;Hombre;38;472
38000473;i-280/i-290;38;473
38000474;i-350/i-370;38;474
38000498;Other (light truck);38;498
38000499;Unknown (light truck);38;499
38000881;Medium/Heavy – CBE;38;881
38000882;Medium/Heavy – COE, low entry;38;882
38000883;Medium/Heavy – COE, high entry;38;883
38000884;Medium/Heavy – Unknown engine location;38;884
38000890;Medium/Heavy – COE entry position unknown;38;890
38000898;Other (medium/heavy truck);38;898
38000981;Bus**: Conventional (Engine out front);38;981
38000982;Bus: Front engine, Flat front;38;982
38000983;Bus: Rear engine Flat front;38;983
38000988;Other (bus);38;988
38000989;Unknown (bus);38;989
38000999;Unknown (ISUZU);38;999
39000031;XJ-S, XK8 Coupe;39;31
39000032;XJ/XJL/XJ6/12/XJR/XJ8/  XJ8L Sedan/Coupe;39;32
39000033;XK-E;39;33
39000034;S-Type;39;34
39000035;XKR/XK;39;35
39000036;X-Type;39;36
39000037;XF/XFR;39;37
39000038;F-Type;39;38
39000039;XE;39;39
39000398;Other (automobile);39;398
39000399;Unknown (automobile);39;399
39000401;F-Pace;39;401
39000402;E-Pace;39;402
39000403;I-Pace;39;403
39000498;Other (light truck);39;498
39000499;Unknown (light truck);39;499
39000999;Unknown (JAGUAR);39;999
40000031;Beta Sedan – HPE;40;31
40000032;Zagato;40;32
40000033;Scorpion;40;33
40000398;Other (automobile);40;398
40000399;Unknown (automobile);40;399
41000031;RX2;41;31
41000032;RX3;41;32
41000033;RX4;41;33
41000034;RX7;41;34
41000035;323/GLC/ Protégé/ Protégé5;41;35
41000036;Cosmo;41;36
41000037;626;41;37
41000038;808;41;38
41000039;Mizer;41;39
41000040;R-100;41;40
41000041;616/618;41;41
41000042;1800;41;42
41000043;929;41;43
41000044;MX-6;41;44
41000045;Miata/MX-5;41;45
41000046;MX-3;41;46
41000047;Millenia;41;47
41000048;MP3;41;48
41000049;RX-8;41;49
41000050;Mazda6;41;50
41000051;Mazda3;41;51
41000052;Mazda5;41;52
41000053;CX-7;41;53
41000054;CX-9 (2007-12 only.For 2013 on see model 421.);41;54
41000055;Mazda2;41;55
41000056;CX-3;41;56
41000398;Other (automobile);41;398
41000399;Unknown (automobile);41;399
41000401;Navajo;41;401
41000402;Tribute;41;402
41000403;CX5;41;403
41000421;CX-9 (2013 on. See model 054 for 2007-12 model years.);41;421
41000441;MPV;41;441
41000471;Pickup/ B-Series Pickup;41;471
41000498;Other (light truck);41;498
41000499;Unknown (light truck);41;499
41000999;Unknown (MAZDA);41;999
42000031;200/220/230/240/ 250/260/280/300/ 320/420;42;31
42000032;230/280 SL;42;32
42000033;300/350/380/450/500/ 560 SL;42;33
42000034;350/380/420/450/560 SLC;42;34
42000035;280/300 SEL;42;35
42000036;300/380/420/450/500/560/SEL & 500/560, 600 SEC & 300/350 SDL;42;36
42000037;300/380/450 SE;42;37
42000038;600, 6.9 Sedan;42;38
42000039;190;42;39
42000040;300;42;40
42000041;400/500E;42;41
42000042;C Class (94 on);42;42
42000043;S Class (95 on);42;43
42000044;SL Class (95 on);42;44
42000045;SLK;42;45
42000046;CL Class;42;46
42000047;CLK;42;47
42000048;E Class (97 on);42;48
42000049;SLR;42;49
42000050;R Class;42;50
42000051;CLS Class;42;51
42000052;SLS Class;42;52
42000053;B Class;42;53
42000054;CLA Class;42;54
42000055;GLA Class;42;55
42000056;AMG GT S;42;56
42000057;SLC Series;42;57
42000058;A-Class;42;58
42000398;Other (automobile);42;398
42000399;Unknown (automobile);42;399
42000401;M/ML Class;42;401
42000402;G Class;42;402
42000403;GLK Class;42;403
42000404;GLE Class (For 2016-2018 only.  For model years 2019 on, see 42-423.);42;404
42000405;GLC Class;42;405
42000406;GLB Class;42;406
42000421;GL Class;42;421
42000422;GLS Class;42;422
42000423;GLE Class (For 2019 on.  For model years 2016-2018, see 42-404.);42;423
42000461;SPRINTER;42;461
42000462;Metris;42;462
42000470;Van derivative;42;470
42000498;Other (light truck);42;498
42000499;Unknown (light truck);42;499
42000850;Motor Home;42;850
42000870;Medium Heavy Van-Based Vehicle;42;870
42000881;Medium/Heavy - CBE;42;881
42000882;Medium/Heavy – COE low entry;42;882
42000883;Medium/Heavy – COE high entry;42;883
42000884;Medium/Heavy – Unknown engine location;42;884
42000890;Medium/Heavy – COE entry position unknown;42;890
42000898;Other (medium/heavy truck);42;898
42000981;Bus**: Conventional (Engine out front);42;981
42000988;Other (bus);42;988
42000989;Unknown (bus);42;989
42000998;Other (vehicle);42;998
42000999;Unknown (MERCEDES-BENZ);42;999
43000031;Midget;43;31
43000032;MGB;43;32
43000033;MGB;43;33
43000034;MGA;43;34
43000035;TA/TC/TD/TF;43;35
43000036;MGC;43;36
43000037;Magnette/Sports Sedans;43;37
43000398;Other (automobile);43;398
43000399;Unknown (automobile);43;399
44000031;304;44;31
44000032;403;44;32
44000033;404;44;33
44000034;504/505;44;34
44000035;604;44;35
44000036;405;44;36
44000398;Other (automobile);44;398
44000399;Unknown (automobile);44;399
44000701;0 - 50 cc;44;701
44000702;51-124cc;44;702
44000709;Unknown cc;44;709
44000999;Unknown (PEUGEOT);44;999
45000031;911/996;45;31
45000032;912;45;32
45000033;914;45;33
45000034;924;45;34
45000035;928;45;35
45000036;930;45;36
45000037;944;45;37
45000038;959;45;38
45000039;968;45;39
45000040;986/Boxster;45;40
45000041;Cayman;45;41
45000042;Panamera;45;42
45000043;918;45;43
45000044;718;45;44
45000045;Taycan;45;45
45000398;Other (automobile);45;398
45000399;Unknown (automobile);45;399
45000401;Macan;45;401
45000421;Cayenne;45;421
45000498;Other (light truck);45;498
45000499;Unknown (light truck);45;499
45000999;Unknown(PORSCHE);45;999
46000031;LeCar;46;31
46000032;Dauphine/10/R-8 Caravelle;46;32
46000033;12;46;33
46000034;15;46;34
46000035;16;46;35
46000036;17;46;36
46000037;18i/Sportwagon;46;37
46000038;Fuego;46;38
46000039;Alliance/Encore GTA, Convertible;46;39
46000041;Alpine;46;41
46000044;Medallion **;46;44
46000045;Premier**;46;45
46000398;Other (automobile);46;398
46000399;Unknown (automobile);46;399
30000498;Other (light truck);30;498
30000499;Unknown (light truck);30;499
30000998;Other (vehicle);30;998
30000999;Unknown (VOLKSWAGEN);30;999
31000031;Spider (Spyder);31;31
31000032;Sports Sedan;31;32
31000033;Sprint/Special;31;33
31000034;GTV-6;31;34
31000035;164 (Alpha 164);31;35
31000036;4c;31;36
31000037;Giulia;31;37
31000398;Other (automobile);31;398
31000399;Unknown (automobile);31;399
31000401;Stelvio (For 2018 only.  For model years 2019 on, see 31-422.);31;401
31000422;Stelvio (For 2019 on.  For model year 2018, see 31-401.);31;422
31000498;Other (light truck);31;498
31000999;Unknown (ALFA ROMEO);31;999
32000031;Super 90;32;31
32000032;100;32;32
32000033;Fox;32;33
32000034;4000;32;34
32000035;5000;32;35
32000036;80/90;32;36
32000037;200;32;37
32000038;V-8 Quattro;32;38
32000039;Coupe Quattro;32;39
32000040;"S4 (1992-1994; 2000-2011 only. See model 055 for 2012 on)/S6 (1992-1994; 2000-2011 only.  See model 056 for 2013 on.)";32;40
32000041;Cabriolet (1994-1998);32;41
32000042;A6;32;42
32000043;A4;32;43
32000044;A8;32;44
32000045;TT/TTS;32;45
32000046;S8;32;46
32000047;Allroad (2001-05 only.  See 403 for 2013 on);32;47
32000048;A3;32;48
32000049;A5;32;49
32000050;R8;32;50
32000051;A7;32;51
32000052;S5;32;52
32000054;RS5;32;54
32000055;"S4 (2012 on only.  See model 040 for 1992-1994; 2000-2011)";32;55
32000056;"S6 (2013 on.  See model 040 for 1992-1994; 2000-2011)";32;56
32000057;S7;32;57
32000058;RS7;32;58
32000059;S3;32;59
32000060;RS3;32;60
32000398;Other (automobile);32;398
32000399;Unknown (automobile);32;399
32000401;Q7 (For 2007-2018 only.  For model years 2019 on, see 32-422.);32;401
32000402;Q5;32;402
32000403;Allroad (2013 on.  For 2001-2005 see model 047.);32;403
32000404;SQ5;32;404
32000405;Q3;32;405
32000406;e-Tron;32;406
32000421;Q8;32;421
32000422;Q7 (For 2019 on.  For model years 2007-2018, see 32-401.);32;422
32000498;Other (light truck);32;498
32000499;Unknown (light truck);32;499
32000999;Unknown (AUDI);32;999
33000031;Marina;33;31
33000032;America;33;32
33000033;Healey Sprite;33;33
33000034;Healey 100/3000;33;34
33000035;Mini/Mini Cooper/Mini Moke;33;35
33000398;Other (automobile);33;398
33000399;Unknown (automobile);33;399
34000031;1600, 1800, 2000,2002;34;31
34000032;Coupe (before 1975);34;32
34000033;Bavarian Sedan;34;33
34000034;3-series;34;34
34000035;5-series;34;35
34000036;6-series;34;36
34000037;7-series;34;37
34000038;8-series;34;38
34000039;Z3;34;39
34000040;Z8;34;40
47000031;99/99E/900;47;31
47000032;Sonnett;47;32
47000033;95/96;47;33
47000034;9000;47;34
47000035;9-3/9-3X;47;35
47000036;9-5;47;36
47000037;9-2X;47;37
47000038;9-4X;47;38
47000398;Other (automobile);47;398
47000399;Unknown (automobile);47;399
47000401;9-7x;47;401
47000999;Unknown(SAAB);47;999
48000031;Loyale (1990 on)/DL/ FE/G/GF/GL/GLF/STD;48;31
48000032;Star;48;32
48000033;360;48;33
48000034;"Legacy/Outback(prior to 2003 only; see 045 for 2003 on)";48;34
48000035;XT/XT6;48;35
48000036;Justy;48;36
48000037;SVX;48;37
48000038;Impreza;48;38
48000039;RX;48;39
48000043;Brat;48;43
48000044;Baja;48;44
48000045;Outback (2003 on)(see 034 for prior to 2003);48;45
34000041;V5;34;41
34000042;Z4;34;42
34000043;1-Series;34;43
34000044;X6 (For 2008-2015. For 2016 on, see model 404.);34;44
34000045;i3;34;45
34000046;i8;34;46
34000047;4-Series;34;47
34000048;2-Series;34;48
34000049;X4;34;49
34000398;Other (automobile);34;398
34000399;Unknown (automobile);34;399
34000401;X5 (For 2000-16.  For 2017 on, see model 421).;34;401
34000402;X3;34;402
34000403;X1;34;403
34000404;X6 (For 2016 on. For 2008-2015, see model 044.);34;404
34000405;X2;34;405
34000421;X5 (For 2017 on. For 2000-16, see model 401);34;421
34000422;X7;34;422
34000498;Other (light truck);34;498
34000499;Unknown (light truck);34;499
34000703;125-349cc;34;703
34000704;350-449 cc;34;704
34000705;450-749cc;34;705
34000706;750cc and over;34;706
34000707;Electric Motorcycle;34;707
34000709;Unknown cc;34;709
34000999;Unknown (BMW);34;999
35000031;F-10;35;31
35000032;200SX/240SX;35;32
35000033;210/1200/B210;35;33
35000034;Z-car, ZX;35;34
35000035;310;35;35
35000036;510;35;36
35000037;610;35;37
35000038;710;35;38
35000039;810/Maxima;35;39
35000040;Roadster;35;40
35000041;311/411;35;41
35000042;Stanza;35;42
35000043;Sentra;35;43
35000044;Pulsar;35;44
35000045;Micra;35;45
35000046;NX 1600/2000;35;46
35000047;Altima;35;47
35000048;350Z/370Z;35;48
35000049;Murano (For 2003-2018 only.  For model years 2019 on, see 35-422.);35;49
35000050;Versa;35;50
35000051;Rogue (For 2008-2018 only.  For model years 2019 on, see 35-404.);35;51
35000052;Cube;35;52
35000053;GT-R;35;53
35000055;Leaf;35;55
35000056;Kicks;35;56
35000398;Other (automobile);35;398
35000399;Unknown (automobile);35;399
35000401;Pathfinder;35;401
35000402;Xterra;35;402
35000403;Juke;35;403
35000404;Rogue (For 2019 on.  For model years 2008-2018, see 35-051.);35;404
35000421;Pathfinder Armada;35;421
35000422;Murano (For 2019 on.  For model years 2003-2018, see 35-056.);35;422
35000441;Van;35;441
35000442;Axxess;35;442
35000443;Quest;35;443
35000444;Altra EV*;35;444
35000446;NV200/eNV200;35;446
35000461;NV;35;461
35000471;Nissan/Datsun Pickup (1955-1997);35;471
35000472;Frontier (1998 on);35;472
35000473;"Titan (from 2004-06; see 481 for 2007 on)";35;473
35000481;"Titan (from 2007 on; see 473 for 2004-06)";35;481
35000498;Other (light truck);35;498
35000499;Unknown (light truck);35;499
35000870;Medium Heavy Van-Based Vehicle;35;870
35000883;Medium/Heavy – COE high entry;35;883
35000898;Other (medium/heavy truck);35;898
35000999;Unknown (NISSAN/DATSUN);35;999
36000031;124 (Coupe/Sedan);36;31
36000032;124 Spider/Racer;36;32
36000033;Brava/131;36;33
36000034;850 (Coupe/Spider);36;34
36000035;128;36;35
36000036;X-1/9;36;36
36000037;Strada;36;37
36000038;500/500c;36;38
36000039;124 Spider;36;39
36000398;Other (automobile);36;398
36000399;Unknown (automobile);36;399
36000401;500L;36;401
36000402;500X;36;402
36000498;Other (light truck);36;498
36000499;Unknown (light truck);36;499
36000882;Medium/Heavy – COE low entry;36;882
36000883;Medium/Heavy – COE high entry;36;883
36000890;Medium/Heavy – COE entry position unknown;36;890
36000898;Other (medium/heavy truck);36;898
36000998;Other (vehicle);36;998
36000999;Unknown (FIAT);36;999
37000031;Civic/CRX, del Sol;37;31
37000032;Accord (Note: For Crosstour model years 2010 and 2011 only. For Crosstour model years 2012-2015, see vehicle model 37-405);37;32
37000033;Prelude;37;33
20000031;Spectrum;20;31
20000032;Nova/Geo Prizm/Prism;20;32
20000033;Sprint/Geo Sprint;20;33
20000034;Geo Metro/Metro;20;34
20000035;Geo Storm;20;35
20000036;Monte Carlo (1995 on);20;36
20000037;Malibu/Malibu Maxx;20;37
20000038;SSR;20;38
20000039;Aveo/Aveo 5;20;39
20000040;Bolt;20;40
20000398;Other (automobile);20;398
20000399;Unknown (automobile);20;399
20000401;"S-10 Blazer/TrailBlazer (2002 only; for 2003 on, see 403)";20;401
20000402;Geo Tracker/Tracker;20;402
20000403;"TrailBlazer (2003 on; for 2002 model, see 401)";20;403
20000404;Equinox;20;404
20000405;Captiva;20;405
20000406;Trax;20;406
20000407;Blazer;20;407
20000421;Fullsize Blazer/Tahoe;20;421
20000422;"Suburban (from 2004 on; see 431 for 1950-2003)";20;422
20000423;Traverse (2013 on.  For 2009-2012 see model 024.);20;423
20000431;"Suburban (from 1950-2003;see 422 for 2004 on)";20;431
20000441;Astro Van;20;441
20000442;Lumina APV;20;442
20000443;Venture;20;443
20000444;Uplander;20;444
20000445;City Express;20;445
20000461;G-series van;20;461
20000466;P-series van;20;466
20000470;Van derivative;20;470
20000471;S-10/T-10 Pickup;20;471
20000472;LUV;20;472
20000473;Colorado;20;473
20000481;C, K, R, V-series pickup/Silverado;20;481
20000482;Avalanche;20;482
20000498;Other (light truck);20;498
20000499;Unknown (light truck);20;499
20000850;Motor Home;20;850
20000870;Medium/Heavy Van-Based Vehicle;20;870
20000880;Medium/Heavy Pickup (pickup-style only – over 10,000 lbs);20;880
20000881;Medium/Heavy – CBE;20;881
20000882;Medium/Heavy – COE low entry;20;882
20000883;Medium/Heavy – COE high entry;20;883
20000884;Medium/Heavy –Unknown engine location;20;884
20000890;Medium/Heavy – COE entry position unknown;20;890
20000898;Other (medium/heavy truck);20;898
20000981;Bus**: Conventional (Engine out front);20;981
20000988;Other (bus);20;988
20000989;Unknown (bus);20;989
20000998;Other (vehicle);20;998
20000999;Unknown (CHEVROLET);20;999
21000001;Cutlass (RWD-only);21;1
21000002;Delta 88/LSS;21;2
21000003;Ninety-Eight/Regency;21;3
21000005;Toronado;21;5
21000006;Commercial Series;21;6
21000012;Starfire;21;12
21000015;Omega;21;15
21000016;Firenza;21;16
21000017;Ciera;21;17
21000018;Calais;21;18
21000020;Cutlass (FWD);21;20
21000021;Achieva/Alero;21;21
21000022;Aurora;21;22
21000023;Intrigue;21;23
21000398;Other (automobile);21;398
37000034;600;37;34
37000035;S2000;37;35
37000036;EV Plus*;37;36
37000037;Insight;37;37
37000038;FCX/Clarity;37;38
37000039;Fit;37;39
37000041;CR-Z;37;41
37000398;Other (automobile);37;398
37000399;Unknown (automobile);37;399
37000401;Passport;37;401
37000402;CR-V;37;402
37000403;Element;37;403
37000404;HR-V;37;404
37000405;Crosstour (2012-2015 only. See vehicle model 37-032 for model years 2010 and 2011.);37;405
37000421;Pilot;37;421
37000422;Passport (2019 on. For 1994-2002 see model 401.);37;422
37000441;Odyssey;37;441
37000471;Ridgeline;37;471
37000498;Other (light truck);37;498
37000499;Unknown (light truck);37;499
37000701;0- 50 cc;37;701
37000702;51-124 cc;37;702
37000703;125-349 cc;37;703
37000704;350-449 cc;37;704
37000705;450-749 cc;37;705
37000706;750 cc or greater;37;706
37000709;Unknown cc;37;709
37000732;51-124cc (ATV);37;732
37000733;125-349cc (ATV);37;733
37000734;350cc or greater (ATV);37;734
37000739;Unknown cc (ATV);37;739
37000998;(Other Vehicle);37;998
37000999;Unknown (HONDA);37;999
21000399;Unknown (automobile);21;399
21000401;Bravada;21;401
21000441;Silhouette;21;441
21000499;Unknown (light truck);21;499
21000999;Unknown (OLDSMOBILE);21;999
22000001;Lemans/ Tempest (thru 1970);22;1
22000002;Bonneville/Catalina/ Parisienne;22;2
22000005;Fiero;22;5
22000008;Ventura/GTO;22;8
22000009;Firebird/Trans AM;22;9
22000010;Grand Prix (RWD);22;10
22000011;Astre;22;11
22000012;"Sunbird (thru 1980;1985 on see model 016)";22;12
22000013;T-1000/1000;22;13
22000015;Phoenix;22;15
22000016;Sunbird (1985-1994)/J-2000/Sunfire (1995 on);22;16
22000017;6000;22;17
22000018;Grand AM;22;18
22000019;G5;22;19
22000020;Grand Prix (FWD);22;20
22000022;G6;22;22
22000023;Solstice;22;23
22000024;G8;22;24
22000025;G3;22;25
22000026;G8-ST;22;26
22000031;Lemans (1988-on);22;31
22000032;Vibe;22;32
22000398;Other (automobile);22;398
22000399;Unknown (automobile);22;399
22000401;Aztek;22;401
22000403;Torrent;22;403
22000441;Trans Sport/ Montana/SV6;22;441
22000499;Unknown (light truck);22;499
22000999;Unknown (PONTIAC);22;999
23000007;Caballero;23;7
23000008;Acadia (2007-2012 only.  For 2013 on see model 423.);23;8
23000399;Unknown (automobile);23;399
23000401;Jimmy/Typhoon/Envoy;23;401
23000402;Terrain;23;402
23000421;Fullsize Jimmy/Yukon;23;421
23000422;"Suburban/Yukon XL (2004 on; see 431 for 1950- 2003)";23;422
23000423;Acadia (2013 on. For 2007-2012 see model 008.);23;423
23000431;"Suburban/Yukon XL (2000 on) (1950-2003 only; see 422 for 2004 on)";23;431
23000441;Safari (Minivan);23;441
23000461;G-series van/Savana;23;461
23000466;P-series van;23;466
23000470;Van derivative;23;470
23000471;S15/T15/Sonoma;23;471
23000472;Canyon;23;472
23000481;C, K, R, V-series pickup/     Sierra;23;481
23000498;Other (light truck);23;498
23000499;Unknown (light truck);23;499
23000850;Motor Home;23;850
23000870;Medium/Heavy Van-Based Vehicle;23;870
23000880;Medium/Heavy Pickup (pickup-style only - over 10,000 lbs;23;880
23000881;Medium/Heavy - CBE;23;881
23000882;Medium/Heavy – COE low entry;23;882
23000883;Medium/Heavy – COE high entry;23;883
23000884;Medium/Heavy – Unknown engine location;23;884
23000890;Medium/Heavy – COE entry position unknown;23;890
23000898;Other (medium/heavy truck);23;898
23000981;Bus**: Conventional (Engine out front);23;981
23000988;Other (bus);23;988
23000989;Unknown (bus);23;989
23000998;Other (vehicle);23;998
23000999;Unknown (GMC);23;999
24000001;SL;24;1
24000002;SC;24;2
24000003;SW;24;3
24000004;EV1/EGV1*;24;4
24000005;LS;24;5
24000006;LW;24;6
24000007;Ion;24;7
24000008;Sky;24;8
24000009;Aura;24;9
24000010;Outlook;24;10
24000011;Astra;24;11
24000398;Other (automobile);24;398
24000399;Unknown (automobile);24;399
24000401;Vue;24;401
24000441;Relay;24;441
24000499;Unknown (Light truck);24;499
24000999;Unknown (SATURN);24;999
25000401;LLV;25;401
25000441;Step-in van;25;441
25000498;Other (light truck);25;498
25000499;Unknown (light truck);25;499
25000881;Medium/Heavy – CBE;25;881
25000882;Medium/Heavy - COE low entry;25;882
25000883;Medium/Heavy - COE high entry;25;883
25000884;Medium/Heavy - engine location unknown;25;884
25000890;Medium/Heavy - entry position unknown;25;890
25000898;Other (Medium/Heavy truck);25;898
25000983;Bus: Flat front, rear engine;25;983
25000988;Other (bus);25;988
25000989;Unknown (bus);25;989
25000999;Unknown (GRUMMAN/ GRUMMAN-OLSON);25;999
26000001;Coda;26;1
26000398;Other (automobile);26;398
26000399;Unknown (automobile);26;399
12000007;Ranchero;12;7
12000008;Maverick;12;8
12000009;Pinto;12;9
12000010;Torino/Gran Torino/Elite;12;10
12000011;Granada;12;11
12000012;Fairmont;12;12
12000013;Escort/EXP/ZX2;12;13
12000015;Tempo;12;15
12000016;Crown Victoria  (For 2011 on, code as vehicle model 398);12;16
12000017;Taurus/Taurus X;12;17
12000018;Probe;12;18
12000021;Five Hundred;12;21
12000022;Freestyle;12;22
12000023;Fusion;12;23
12000024;Edge (For model years 2007-2018 only.  For model years 2019 on, see 12-424.);12;24
12000025;Flex;12;25
12000026;City;12;26
12000027;C-Max;12;27
12000031;English Ford;12;31
12000032;Fiesta;12;32
12000033;Festiva;12;33
12000034;Laser;12;34
12000035;Contour;12;35
12000036;Aspire;12;36
12000037;Focus;12;37
12000038;GT;12;38
12000398;Other (automobile);12;398
12000399;Unknown (automobile);12;399
12000401;Bronco (thru 1977)/Bronco II/Explorer/Explorer Sport (Explorer for 1990-2018 only.  For model years 2019 on, see 12-425.);12;401
12000402;Escape;12;402
12000403;EcoSport;12;403
12000421;Bronco-fullsize (1978-on);12;421
12000422;Expedition;12;422
12000423;Excursion;12;423
12000424;Edge(For 2019 on.  For model years 2007-2018, see 12-024.);12;424
12000425;Explorer (For 2019 on.  For model years 1990-2018 see 12-401.);12;425
12000441;Aerostar;12;441
12000442;Windstar;12;442
12000443;Freestar;12;443
12000444;Transit Connect;12;444
12000461;E-Series Van/Econoline;12;461
12000462;Transit;12;462
12000470;Van Derivative;12;470
12000471;Ranger;12;471
12000472;Courier;12;472
12000473;Explorer Sport Trac;12;473
12000481;F-Series pickup;12;481
12000498;Other (light truck);12;498
12000499;Unknown (light truck);12;499
12000850;Motorhome;12;850
12000870;Medium/Heavy Van-Based Vehicle;12;870
12000880;Medium/Heavy Pickup (pickup-style only - over 10,000 lbs);12;880
12000881;Medium/Heavy – CBE;12;881
12000882;Medium/Heavy – COE low entry;12;882
12000883;Medium/Heavy – COE high entry;12;883
12000884;Medium/Heavy – Unknown engine location;12;884
12000890;Medium/Heavy – COE entry position unknown;12;890
12000898;Other (medium/heavy truck);12;898
12000981;Bus**: Conventional (Engine out front);12;981
12000988;Other (bus);12;988
12000989;Unknown (bus);12;989
12000998;Other (vehicle);12;998
12000999;Unknown (FORD);12;999
13000001;Continental (thru '81)/ Town Car;13;1
29000001;Studabaker/Avanti;29;1
29000002;Checker;29;2
29000003;Panoz;29;3
29000004;Saleen;29;4
29000005;Tesla;29;5
29000398;Other (automobile);29;398
29000399;Unknown (automobile);29;399
30000031;Karmann Ghia;30;31
30000032;Beetle 1300/1500;30;32
30000033;Super Beetle;30;33
30000034;411/412;30;34
30000035;Squareback/Fastback;30;35
30000036;Rabbit;30;36
30000037;Dasher;30;37
30000038;Scirocco;30;38
30000040;Jetta/Jetta SportsWagen;30;40
30000041;Quantum;30;41
30000042;Golf/Cabriolet/Cabrio/GTI/ GLI;30;42
30000043;Rabbit Pickup;30;43
30000044;Fox;30;44
30000045;Corrado;30;45
30000046;"Passat (CC - 2008 thru 2011; see 052 for 2012 on)";30;46
30000047;New Beetle;30;47
30000048;Phaeton;30;48
30000051;Eos;30;51
30000052;CC (For 2012 on. See model 046 for 2008-2011.);30;52
30000053;Arteon;30;53
30000398;Other (automobile);30;398
30000399;Unknown (automobile);30;399
30000401;The Thing (181);30;401
30000402;Tiguan;30;402
30000403;Atlas;30;403
30000421;Touareg/Tourareg 2;30;421
30000441;Vanagon/Camper;30;441
30000442;Eurovan;30;442
30000443;Routan;30;443
13000002;Mark;13;2
13000005;Continental ('82 on);13;5
13000011;Versailles;13;11
13000012;LS;13;12
13000013;Zephyr/MKZ;13;13
13000014;MKX;13;14
13000015;MKS;13;15
13000016;MKT;13;16
13000017;Continental;13;17
13000398;Other (automobile);13;398
13000399;Unknown (automobile);13;399
13000401;Aviator;13;401
13000402;MKC;13;402
13000403;Corsair;13;403
13000421;Navigator;13;421
13000422;Nautilus;13;422
13000423;Aviator;13;423
13000481;Blackwood;13;481
13000482;Mark LT;13;482
13000498;Other (light truck);13;498
13000499;Unknown (light truck);13;499
13000999;Unknown (LINCOLN);13;999
14000002;Cyclone;14;2
14000003;Capri- domestic (1967 see 008);14;3
14000004;Cougar/XR7 (1967-1997);14;4
14000006;"Marquis/Monterey (car version; for van version 2004 on see code 444) /Grand Marquis";14;6
14000008;Comet;14;8
14000009;Bobcat;14;9
14000010;"Montego (prior to 1976; for 2005 on see code 020)";14;10
14000011;Monarch;14;11
14000012;Zephyr;14;12
14000013;Lynx/LN7;14;13
14000015;Topaz;14;15
14000017;Sable;14;17
14000020;Montego (2005 on);14;20
14000021;Milan;14;21
14000031;Capri-foreign;14;31
14000033;Pantera-foreign;14;33
14000036;Tracer;14;36
14000037;Mystique;14;37
14000038;Cougar (1999 on);14;38
14000039;Marauder;14;39
14000398;Other (automobile);14;398
14000399;Unknown (automobile);14;399
14000401;Mountaineer;14;401
14000402;Mariner;14;402
14000443;Villager;14;443
14000444;"Monterey (van version; for car version prior to 2004 see code 006)";14;444
14000498;Other (light truck);14;498
14000499;Unknown (light truck);14;499
14000999;Unknown (MERCURY);14;999
18000001;Special/Skylark;18;1
18000002;LeSabre/Centurion/ Estate Wagon, Invicta, Custom, Limited, T-Type, Ltd, C.M.I, LE;18;2
18000003;Electra/Electra 225/ Park Limited, Park Avenue, Ultra, Base;18;3
18000004;Roadmaster;18;4
18000005;Riviera;18;5
18000007;Century;18;7
18000008;Apollo/Skylark;18;8
18000010;Regal (RWD only);18;10
18000012;Skyhawk;18;12
18000015;Skylark (76-85);18;15
18000018;Somerset/Skylark;18;18
18000019;Regal (2011 on);18;19
18000020;Regal (FWD);18;20
18000021;Reatta;18;21
18000022;LaCrosse;18;22
18000023;Lucerne;18;23
18000024;Enclave (2008-12 model years only.  For 2013 on see model 421.);18;24
18000025;Verano;18;25
18000026;Cascada;18;26
18000031;Opel Kadett;18;31
18000032;Opel Manta;18;32
18000033;Opel GT;18;33
18000034;Opel Isuzu;18;34
18000398;Other (automobile);18;398
18000399;Unknown (automobile);18;399
18000401;Rendezvous;18;401
18000402;Rainier;18;402
18000404;Encore;18;404
18000405;Envision;18;405
18000421;Enclave (2013 on.  See model 024 for 2008-12 model years.);18;421
18000441;Terraza;18;441
18000498;Other (light truck);18;498
18000499;Unknown (light truck);18;499
18000999;Unknown BUICK;18;999
19000003;Deville/Fleetwood,Coupe de Ville, Sedan de Ville, Fleetwood Brougham, Fleetwood 60 Special, d`Elegan;19;3
19000004;Limousine;19;4
19000005;Eldorado;19;5
19000006;Commercial Series;19;6
19000009;Allante';19;9
19000014;Seville;19;14
19000016;Cimarron;19;16
19000017;Catera;19;17
19000018;CTS/CTC;19;18
19000019;XLR;19;19
19000020;SRX;19;20
19000021;STS;19;21
19000022;DTS;19;22
19000023;XTS;19;23
19000024;ATS;19;24
1000001;Rambler/American;1;1
1000002;Rebel/Matador/Marlin;1;2
1000003;Ambassador;1;3
1000004;Pacer;1;4
1000005;AMX;1;5
1000006;Javelin;1;6
1000007;Hornet/Concord;1;7
1000008;Spirit/Gremlin;1;8
1000009;Eagle;1;9
1000010;Eagle SX-4;1;10
1000398;Other (automobile);1;398
1000399;Unknown (automobile);1;399
2000001;Compass;2;1
2000401;CJ-2/CJ-3/CJ-4;2;401
2000402;CJ-5/CJ-6/CJ-7/CJ-8;2;402
2000403;YJ series/Wrangler;2;403
2000404;Cherokee (1984-on) (For Grand Cherokee for 2014 on use 02-422.);2;404
2000405;Liberty;2;405
2000406;Commander;2;406
2000407;Patriot;2;407
2000408;Renegade;2;408
2000421;Cherokee (thru 1983);2;421
2000422;Grand Cherokee (For 2014 on.  Use model 404 for model years prior to 2013.);2;422
2000431;Grand Wagoneer;2;431
2000481;Pick-up;2;481
2000482;Comanche;2;482
2000483;Gladiator;2;483
2000498;Other (light truck);2;498
2000499;Unknown (light truck);2;499
2000999;Unknown (JEEP);2;999
3000401;Dispatcher;3;401
3000402;Hummer;3;402
3000421;"Hummer (SUV from 1993-2003; see 431 for 2004 on) (for Pickup, see model 481)";3;421
3000431;"Hummer (2004 on; see model 421 for 1993-2003)";3;431
3000441;MV-1;3;441
3000466;Dispatcher;3;466
3000481;"Hummer (Pickup) (for SUV see model 421 for 1993-2003; see 431 for 2004 on)";3;481
3000482;Hummer;3;482
3000498;Other (light truck);3;498
3000499;Unknown (light truck);3;499
3000884;Medium/Heavy Truck;3;884
3000898;Other (medium/heavy truck);3;898
3000983;Bus: Rear engine, Flat front;3;983
3000988;Other(bus);3;988
3000989;Unknown Bus Type;3;989
3000998;Other (vehicle);3;998
3000999;Unknown (AM GENERAL);3;999
6000009;Cordoba;6;9
6000010;New Yorker (thru 78)/ Newport/5th Avenue/Imperial (1979-83) (excludes all FWD);6;10
6000014;New Yorker/E-Class/Imperial/ Fifth Avenue;6;14
6000015;Laser;6;15
6000016;LeBaron;6;16
6000017;LeBaron GTS/GTC;6;17
6000018;200;6;18
6000021;SRT Viper;6;21
6000031;TC (Maserati Sport);6;31
6000035;Conquest;6;35
6000041;Concorde;6;41
6000042;LHS;6;42
6000043;Sebring;6;43
19000025;ELR;19;25
19000026;CT6;19;26
19000027;CT5;19;27
19000398;Other (automobile);19;398
19000399;Unknown (automobile);19;399
19000401;XT5;19;401
19000421;"Escalade/ESV (from 2004 on; see 431 for 2003 only)";19;421
19000422;XT4;19;422
19000423;XT6;19;423
19000431;Escalade ESV;19;431
19000480;"Escalade EXT (from 2002 -2006; for 2007 on see 481)";19;480
19000481;"Escalade EXT (from 2007 on; see 480 for 2002-2006)";19;481
19000498;Other (light truck);19;498
19000499;Unknown (light truck);19;499
19000999;Unknown CADILLAC;19;999
20000001;Chevelle/Malibu Classic, Councours, Laguna**, S-3, Greenbriar, Estate, 300,SS-396/454, Deluxe;20;1
20000002;Impala/Caprice (For SS from 2014 on, use 20-021.);20;2
20000004;Corvette;20;4
20000006;Corvair;20;6
20000007;El Camino;20;7
20000008;Nova (-'79);20;8
20000009;Camaro;20;9
20000010;Monte Carlo (thru '88);20;10
20000011;Vega;20;11
20000012;Monza;20;12
20000013;Chevette;20;13
20000015;Citation;20;15
20000016;Cavalier;20;16
20000017;Celebrity;20;17
20000019;Beretta/Corsica;20;19
20000020;Lumina;20;20
20000021;SS (For 2014 on.  For Impala/Caprice SS use model 20-002.);20;21
20000022;Cobalt;20;22
20000023;HHR;20;23
20000024;Traverse (2009-2012 only.  For 2013 on see model 423.);20;24
20000025;Cruze;20;25
20000026;Volt;20;26
20000027;Caprice PPV;20;27
20000028;Sonic;20;28
20000029;Spark;20;29
6000044;Cirrus;6;44
6000050;Executive;6;50
6000051;300M/300/300C/300S;6;51
6000052;PT Cruiser;6;52
6000053;Prowler (2002 on)  (1997,1999-01 see Plymouth);6;53
6000054;Pacifica;6;54
6000055;Crossfire;6;55
6000398;Other (automobile);6;398
6000399;Unknown (automobile);6;399
6000421;Aspen;6;421
6000441;Town and Country;6;441
6000442;"Voyager (2000 - 2003; 1984-00 see Plymouth. For 2020 on see 06-444.)";6;442
6000443;Pacifica;6;443
6000444;Voyager (2020 on. For 2000-2003 see vehicle make 06-442. For 1984-2000 see Plymouth.);6;444
6000498;Other (light truck);6;498
6000499;Unknown (light truck);6;499
6000999;Unknown (CHRYSLER);6;999
7000001;Dart;7;1
7000002;Coronet/Magnum/ Charger (thru 1978);7;2
7000003;Polara/Monaco/ Royal Monaco;7;3
7000004;Viper;7;4
7000005;Challenger;7;5
7000006;Aspen;7;6
7000007;Diplomat;7;7
7000008;Omni/Charger (1983 on);7;8
7000009;Mirada;7;9
7000010;St Regis;7;10
7000011;Aries (K);7;11
7000012;400;7;12
7000013;Rampage (car-based pickup);7;13
7000014;600;7;14
7000015;Daytona;7;15
7000016;Lancer;7;16
7000017;Shadow;7;17
7000018;Dynasty;7;18
7000019;Spirit;7;19
7000020;Neon;7;20
7000021;Magnum;7;21
7000024;Charger;7;24
7000025;Caliber;7;25
7000026;Avenger;7;26
7000027;Journey (For 2009-2018 only.  For model years 2019 on, see 07-404.);7;27
7000028;"Challenger (2008 on; for 1970-74 see model 005)";7;28
7000029;Dart (2013 on. See model 001 for 1960-1976.);7;29
7000030;Barracuda;7;30
7000033;Challenger;7;33
7000034;Colt  (includes 2WD Vista);7;34
7000035;Conquest;7;35
7000039;Stealth;7;39
7000040;Monaco;7;40
7000041;Intrepid;7;41
7000042;Avenger;7;42
7000043;Stratus;7;43
7000398;Other (automobile);7;398
7000399;Unknown (automobile);7;399
7000401;RaiderSport;7;401
7000402;"Durango (1998-2003 only; see model 422 for 2004 on)";7;402
7000403;Nitro;7;403
7000404;Journey (For 2019 on.  For model years 2009-2018, see 07-027.);7;404
7000421;Ramcharger;7;421
7000422;"Durango (2004 on; see 402 for 1998-2003 models)";7;422
7000441;Vista Van;7;441
7000442;Caravan/Grand Caravan;7;442
7000443;Ram C/V;7;443
7000444;Promaster City;7;444
7000461;B-Series Van/Ram Van/ Ram Wagon;7;461
7000462;Sprinter;7;462
7000463;Ram Promaster;7;463
7000470;Van Derivative;7;470
7000471;D50, Colt pickup, Ram 50/Ram 100;7;471
7000472;Dakota;7;472
7000481;D, W-Series pickup;7;481
7000482;Ram Pickup;7;482
7000498;Other (light truck);7;498
7000499;Unknown (light truck);7;499
7000850;Motor Home;7;850
7000870;Medium/Heavy Van-Based Vehicle;7;870
7000880;Medium/Heavy Pickup (pickup-style only – over 10,000 lbs);7;880
7000881;Medium/Heavy – CBE;7;881
7000882;Medium/Heavy – COE low entry;7;882
7000883;Medium/Heavy – COE high entry;7;883
7000884;Medium/Heavy –Unknown engine location;7;884
7000890;Medium/Heavy – COE entry position unknown;7;890
7000898;Other (medium/heavy truck);7;898
7000981;Bus**: Conventional (Engine out front);7;981
7000988;Other (bus);7;988
7000989;Unknown (bus);7;989
7000998;Other (vehicle);7;998
7000999;Unknown (DODGE);7;999
8000010;Imperial;8;10
8000398;Other (automobile;8;398
8000399;Unknown (automobile);8;399
9000001;Valiant/Scamp/Duster (thru 1976);9;1
9000002;Satellite/Belvedere;9;2
9000003;Fury (Fury Gran thru '78);9;3
9000004;Gran Fury ('80 on);9;4
9000005;Barracuda;9;5
9000006;Volare';9;6
9000007;Caravelle;9;7
9000008;Horizon/Turismo;9;8
9000011;Reliant (K);9;11
9000013;Scamp-(car-based p/u);9;13
9000017;Sundance;9;17
9000019;Acclaim;9;19
9000020;Neon (2002 and on, see Dodge);9;20
9000031;Cricket;9;31
9000032;Arrow;9;32
9000033;Sapporo;9;33
9000034;Champ/Colt import (includes 2WD Vista);9;34
9000035;Conquest;9;35
9000037;Laser;9;37
9000038;Breeze;9;38
9000039;Prowler (2002 and on, see Chrysler);9;39
9000398;Other (automobile);9;398
9000399;Unknown (automobile);9;399
9000421;Trailduster;9;421
9000441;Vista Van;9;441
9000442;Voyager (minivan) (2001 and on, see Chrysler);9;442
9000461;Van-fullsize (B-series);9;461
9000471;Arrow pickup (foreign);9;471
9000498;Other (light truck);9;498
9000499;Unknown (light truck);9;499
9000998;Other (vehicle);9;998
9000999;Unknown (PLYMOUTH);9;999
10000034;Summit (excludes wagon);10;34
10000037;Talon;10;37
10000040;Premier;10;40
10000041;Vision;10;41
10000044;Medallion;10;44
10000045;Summit Wagon;10;45
10000398;Other (automobile);10;398
10000399;Unknown (automobile);10;399
12000001;Falcon;12;1
12000002;Fairlane;12;2
12000003;Mustang/Mustang II;12;3
12000004;Thunderbird (all sizes);12;4
12000005;LTD II;12;5
12000006;LTD/Custom/Galaxy (all sizes);12;6
